{
  "mean": [
    0.43071749269370146,
    0.3997081938764746,
    0.3897505283110678
  ],
  "std": [
    0.2587605873889894,
    0.25511025730783937,
    0.2515520778095952
  ]
}